side,doi_1,doi_2,applied_action,resolution,title_1,title_2,title_sim,first_author_1,first_author_2,year_1,year_2,is_preprint_1,is_preprint_2,group_key,doi_o_group,doi_remove,doi_keep
INSTRUCTIONS -->,DOI #1,DOI #2,auto-default = drop one (preprint loses; else doi_2),Override: copy the row into cache/confirmed_preprint_duplicates.csv with action keep_both / keep_1 / keep_2,,,,,,,,,,,,,
replication,10.31234/osf.io/kavx4,10.1177/0956797620968526,auto_keep_2,auto: drop doi_1,Incidental Attitude Formation via the Surveillance Task: A Registered Replication Report of Olson and Fazio (2001),Incidental Attitude Formation via the Surveillance Task: A Preregistered Replication of the Olson and Fazio (2001) Study,0.855,moran,moran,2020,2020,True,False,doi_o: 10.1111/1467-9280.00376,10.1111/1467-9280.00376,10.31234/osf.io/kavx4,10.1177/0956797620968526
replication,10.1037/emo0000569,10.31234/osf.io/6tn4f,auto_keep_1,auto: drop doi_2,A conceptual replication of emotional intelligence as a second-stratum factor of intelligence.,A conceptual replication of emotional intelligence as a second-stratum factor of intelligence,1.0,evans,evans,2019,2019,False,True,doi_o: 10.1037/a0034755,10.1037/a0034755,10.31234/osf.io/6tn4f,10.1037/emo0000569
replication,10.2466/07.10.17.pr0.107.4.139-144,10.2466/pr0.107.1.139-144,auto_keep_1,auto: drop doi_2,Gender Label and Perceived Infant Emotionality: A Partial Replication of a Classic Study,"GENDER LABEL AND PERCEIVED INFANT EMOTIONALITY: A PARTIAL REPLICATION OF A CLASSIC STUDY1,2",0.978,steuer,steuer,2010,2010,False,False,doi_o: 10.2307/1128199,10.2307/1128199,10.2466/pr0.107.1.139-144,10.2466/07.10.17.pr0.107.4.139-144
replication,10.1098/rsos.221306,10.31222/osf.io/sjyp3,auto_keep_1,auto: drop doi_2,Replication of the natural selection of bad science,Replication of the natural selection of bad science,1.0,kohrt,kohrt,2023,2022,False,False,doi_o: 10.1098/rsos.160384,10.1098/rsos.160384,10.31222/osf.io/sjyp3,10.1098/rsos.221306
replication,10.31234/osf.io/mjs2d,10.31234/osf.io/pgqj2,auto_keep_1,auto: drop doi_2,"Replication of Bonatti, Peña, Nespor, & Mehler (2005) Exp. 2a","Replication of Bonatti, Peña, Nespor, & Mehler (2005) Experiment 1",0.845,craparotta,feinberg,2022,2022,True,True,doi_o: 10.1111/j.0956-7976.2005.01556.x,10.1111/j.0956-7976.2005.01556.x,10.31234/osf.io/pgqj2,10.31234/osf.io/mjs2d
replication,10.1523/eneuro.0150-20.2020,10.31219/osf.io/pzy5q,auto_keep_1,auto: drop doi_2,No Evidence for an Object Working Memory Capacity Benefit with Extended Viewing Time,No Evidence for an Object Working Memory Capacity Benefit with Extended Viewing Time,1.0,quirk,quirk,2020,2020,False,True,doi_o: 10.1073/pnas.1520027113,10.1073/pnas.1520027113,10.31219/osf.io/pzy5q,10.1523/eneuro.0150-20.2020
replication,10.31234/osf.io/eu9cj,10.31234/osf.io/yt9n8,keep_both,override: keep_both,Second Replication of Finn & Hudson Kam (2008) Experiment 1,Second Replication of Finn & Hudson Kam (2008) Experiment 3,0.982,ricketts,ricketts,2022,2022,True,True,doi_o: 10.1016/j.cognition.2008.04.002,10.1016/j.cognition.2008.04.002,,
replication,10.1177/0956797620955209,10.31234/osf.io/m6ghr,auto_keep_1,auto: drop doi_2,"Preregistered Direct Replication of “Sick Body, Vigilant Mind: The Biological Immune System Activates the Behavioral Immune System”","Preregistered replication of “Sick body, vigilant mind: The biological immune system activates the behavioral immune system”",0.945,tybur,tybur,2020,2020,False,True,doi_o: 10.1177/0956797611420166,10.1177/0956797611420166,10.31234/osf.io/m6ghr,10.1177/0956797620955209
replication,10.17605/osf.io/v9ykq,10.17605/osf.io/vufm2,auto_keep_1,auto: drop doi_2,Ku_JournEnvPsych_2014_YpZZ - Ticku - Reproduction (with author data) - 2kgyw,Ku_JournEnvPsych_2014_YpZZ - Sönmez - Reproduction (with author data) - 1012,0.846,parsons,sonmez,2022,2020,True,True,doi_o: 10.1016/j.jenvp.2014.10.008,10.1016/j.jenvp.2014.10.008,10.17605/osf.io/vufm2,10.17605/osf.io/v9ykq
replication,10.17605/osf.io/jcbfw,10.17605/osf.io/ysncd,auto_keep_1,auto: drop doi_2,Balcells_JournConflictRes_2014_0P4r - Bethke - Reproduction (with author data & code) - 28884,Balcells_JournConflictRes_2014_0P4r - Talbert - Reproduction (with author data & code) - 5066,0.85,parsons,[score],2022,2020,True,True,doi_o: 10.1177/0022002714547903,10.1177/0022002714547903,10.17605/osf.io/ysncd,10.17605/osf.io/jcbfw
replication,10.17605/osf.io/sc87r,10.17605/osf.io/g9aqj,auto_keep_1,auto: drop doi_2,Brown_ManagementSci_2014_5PyD - Suchow - Reproduction (with author data & code) - 2k4w6,Brown_ManagementSci_2014_5PyD - Tutor - Reproduction (with author data & code) - 600k,0.878,parsons,miske,2021,2020,True,True,doi_o: 10.1287/mnsc.2013.1794,10.1287/mnsc.2013.1794,10.17605/osf.io/g9aqj,10.17605/osf.io/sc87r
replication,10.17605/osf.io/qk9v3,10.17605/osf.io/yswvd,auto_keep_1,auto: drop doi_2,Antràs_Econometrica_2013_a2Yx - Szabelska - Reproduction (with author data & code) - 28m96,Antràs_Econometrica_2013_a2Yx - Talbert - Reproduction (with author data & code) - 96ky,0.842,parsons,[score],2022,2020,True,True,doi_o: 10.3982/ecta10813,10.3982/ecta10813,10.17605/osf.io/yswvd,10.17605/osf.io/qk9v3
replication,10.17605/osf.io/gpyu7,10.17605/osf.io/sv3gb,auto_keep_1,auto: drop doi_2,LaFave_Econometrica_2016_EdQy - Tagat - Reproduction (with author data & code) - 2y9w2,LaFave_Econometrica_2016_EdQy - Tutor - Reproduction (with author data & code) - 6g28,0.877,parsons,miske,2021,2020,True,True,doi_o: 10.3982/ecta12987,10.3982/ecta12987,10.17605/osf.io/sv3gb,10.17605/osf.io/gpyu7
replication,10.17605/osf.io/6mdxr,10.17605/osf.io/4n7ef,auto_keep_1,auto: drop doi_2,Lu_JournLabEco_2015_vaWE - Tutor - Reproduction (with author data & code) - 2go82,Lu_JournLabEco_2015_vaWE - Tutor - Reproduction (with author data & code) - 1m02,0.941,parsons,[score],2022,2020,True,True,doi_o: 10.1086/677392,10.1086/677392,10.17605/osf.io/4n7ef,10.17605/osf.io/6mdxr
replication,10.17605/osf.io/38zs9,10.17605/osf.io/gb46p,auto_keep_1,auto: drop doi_2,TERTYTCHNAYA_AmPoliSciRev_2018_9wya - Talbert - Reproduction (with author data & code) - k8z7,TERTYTCHNAYA_AmPoliSciRev_2018_9wya - Anafinova - Reproduction (with author data & code) - 288zk,0.867,[score],loomas,2020,2022,True,True,doi_o: 10.1017/s0003055418000485,10.1017/s0003055418000485,10.17605/osf.io/gb46p,10.17605/osf.io/38zs9
replication,10.23668/psycharchives.4766,10.5964/jnc.6063,auto_keep_1,auto: drop doi_2,Not all Elementary School Teachers are Scared of Math,Not all elementary school teachers are scared of math,1.0,artemenko,artemenko,2021,2021,False,False,doi_o: 10.2307/749455,10.2307/749455,10.5964/jnc.6063,10.23668/psycharchives.4766
replication,10.31234/osf.io/3fvyn,10.1525/collabra.68054,auto_keep_2,auto: drop doi_1,Expressive responding in support of Donald Trump: An extended replication of Schaffner and Luks (2018),Expressive Responding in Support of Donald Trump: An Extended Replication of Schaffner and Luks (2018),1.0,ross,ross,2022,2023,True,False,doi_o: 10.1093/poq/nfx042,10.1093/poq/nfx042,10.31234/osf.io/3fvyn,10.1525/collabra.68054
original,10.1080/07350015.1995.10524601,10.2307/1392187,auto_keep_1,auto: drop doi_2,Lag Order and Critical Values of the Augmented Dickey–Fuller Test,Lag Order and Critical Values of the Augmented Dickey-Fuller Test,1.0,cheung,cheung,1995,1995,False,False,title: lag order and critical values of the augmented dickeyfuller ,,10.2307/1392187,10.1080/07350015.1995.10524601
original (DOI variant),10.1037//0022-3514.68.5.793,10.1037/0022-3514.68.5.793,auto_keep_2,auto: drop doi_1,Inaction inertia: Foregoing future benefits as a result of an initial failure to act.,Inaction inertia: Foregoing future benefits as a result of an initial failure to act.,1.0,tykocinski,tykocinski,1995,1995,False,False,doi_variant: 10.1037/0022-3514.68.5.793,,10.1037//0022-3514.68.5.793,10.1037/0022-3514.68.5.793
original (fuzzy),10.3386/w6614,10.1016/s0047-2727(99)00036-5,auto_keep_1,auto: drop doi_2,Coveting Thy Neighbor's Manuafacturing: The Dilemma of State Income Apportionment,Coveting thy neighbor’s manufacturing: the dilemma of state income apportionment,0.987,goolsbee,goolsbee,1998,2000,False,False,author: goolsbee,,10.1016/s0047-2727(99)00036-5,10.3386/w6614
